Stock #,VIN,Year,Model,Trim (site),Spec,Exterior,Miles,Price (site),Status,Photos on site,Battery chemistry (assumed),Age (yrs),Original EPA range (mi),EPA source (fueleconomy.gov),Est. battery health %,Est. current range (mi),Range difference (mi),Battery rating,Listing URL,Photo URL,Autopilot computer,HW confidence,Infotainment computer,MCU confidence,Plant (VIN),Latest Tesla software (released),Most-installed software,FSD version (if equipped),Hardware notes,Est. autopilot computer,Est. infotainment computer,Actual full-charge range (mi),Actual battery health % (entered),Health used (%),Health source,Confirmed by,Confirmed date,Sheet row,Suggested retail ($),Market low ($),Market high ($),Comps used,Pricing confidence,Listed vs suggested ($),Listed vs suggested (%),Comp listing URLs,Interior color,Interior source,Manheim MMR (adjusted),MMR low,MMR high,MMR base,MMR avg odometer,MMR region,MMR date,MMR source,Listed vs MMR ($),Listed vs MMR (%),Suggested vs MMR ($),Suggested vs MMR (%),MMR notes,Trim warning,Demand,Demand score,Demand confidence,Demand inputs,CARFAX owners,CARFAX accidents,CARFAX flags,CARFAX value ($),CARFAX warranty,CARFAX use,CARFAX PDF
067723,5YJ3E1EA7SF067723,2025,Model 3,Long Range Sedan 4D,Long Range RWD,Gray,6435,38995.0,Available,30,NCA/NMC,1.77,363,2025 Model 3 Long Range RWD - https://www.fueleconomy.gov/feg/noframes/48765.shtml,96.8,351,-12,Excellent,https://www.luxautomotivellc.com/inventory/tesla/model-3/067723/,https://imagescf.dealercenter.net/640/480/202606-ab35a6e169554b2f959a86bc1edf2870/202610-8e92902503124d3db1a64a11caa3dcb6.jpg,HW4 (AI4),High,MCU3 – AMD Ryzen,High,"Fremont, CA",2026.38.3.1 (2026-10-08),2026.32.7,"FSD (Supervised) v14.3.11 (2026.33.5, 2026-10-07)","Model 3 ""Highland"" (2024+) ships with HW4/AI4. | FSD only applies if the car has FSD purchased or an active subscription.",HW4 (AI4),MCU3 – AMD Ryzen,,,96.8,Estimated,,,18,39900,39400,40000,12,High,-905,-2.3,https://www.cars.com/vehicledetail/3cec8514-16b0-47e5-8556-51a66d2e7bcf/ https://www.autotrader.com/cars-for-sale/vehicle/790276627 https://www.autotrader.com/cars-for-sale/vehicle/791611466 https://www.autotrader.com/cars-for-sale/vehicle/792193815 https://www.autotrader.com/cars-for-sale/vehicle/789898210 https://www.cars.com/vehicledetail/bf670d30-3fda-4080-b95f-d370c53b399e/ https://www.autotrader.com/cars-for-sale/vehicle/793113958 https://www.autotrader.com/cars-for-sale/vehicle/792704735 https://www.autotrader.com/cars-for-sale/vehicle/792238025 https://www.autotrader.com/cars-for-sale/vehicle/791725554 https://www.autotrader.com/cars-for-sale/vehicle/789937359 https://www.autotrader.com/cars-for-sale/vehicle/791313863,White,Website,36400,35100,37600,34800,22041,default,2026-10-10,"Manheim MMR (mmr.manheim.com), mileage-adjusted, default region",2595,7.1,3500,9.6,Single style auto-decoded; matches prev_trim. Retail typical range 33600-38800. Prev adj 36200.,,Hot,73,High,comps=37; comps_with_days=33; local_supply=29; local_radius=250; median_days=18; price_cut_share=48; mmr_transactions=72; median_vs_kbb_pct=-7.6,1,0,1-Owner | No Accidents | Lease use | Service records 3,38110,"Original warranty estimated to have 35 months or 49,985 miles remaining.",Lease,https://luxrepair2025-rgb.github.io/lux-tesla-battery/carfax/5YJ3E1EA7SF067723.pdf
149610,7SAYGDEE5PA149610,2023,Model Y,Long Range Sport Utility 4D,Long Range AWD,Black,10194,34195.0,SOLD,29,NCA/NMC,3.77,330,2023 Model Y Long Range AWD - https://www.fueleconomy.gov/feg/noframes/46212.shtml,94.3,311,-19,Excellent,https://www.luxautomotivellc.com/inventory/tesla/model-y/149610/,https://imagescf.dealercenter.net/640/480/202606-ab35a6e169554b2f959a86bc1edf2870/202609-fdde947e65fb4c56813ce21a987f9909.jpg,HW4 (AI4),Medium,MCU3 – AMD Ryzen,High,"Austin, TX",2026.38.3.1 (2026-10-08),2026.32.7,"FSD (Supervised) v14.3.11 (2026.33.5, 2026-10-07)","Austin, TX VIN sequence 149610 ≥ 131200 (HW4 switch ~Jun 4 2023, community VIN data). | Confirm in car: Controls > Software > Additional Vehicle Information. | FSD only applies if the car has FSD purchased or an active subscription.",HW4 (AI4),MCU3 – AMD Ryzen,,,94.3,Estimated,,,22,36000,34600,38000,8,Low,-1805,-5.0,https://www.autotrader.com/cars-for-sale/vehicle/785639458 https://www.autotrader.com/cars-for-sale/vehicle/791605161 https://www.autotrader.com/cars-for-sale/vehicle/785723898 https://www.autotrader.com/cars-for-sale/vehicle/791107355 https://www.autotrader.com/cars-for-sale/vehicle/793166010 https://www.autotrader.com/cars-for-sale/vehicle/792868231 https://www.autotrader.com/cars-for-sale/vehicle/792707223 https://www.autotrader.com/cars-for-sale/vehicle/786583547,Black,Website,34400,32800,35900,30300,48427,default,2026-10-09,"Manheim MMR (mmr.manheim.com), mileage-adjusted, default region",-205,-0.6,1600,4.7,"2 styles offered (4D SUV $29,600 / Long Range $30,300); picked Long Range; retail range 29,100-35,300",,Hot,76,High,comps=100; comps_with_days=100; local_supply=52; local_radius=250; median_days=18; price_cut_share=44; mmr_transactions=100; median_vs_kbb_pct=-4.8,1,0,1-Owner | No Accidents | Lease use | Service records 6,34980,"Original warranty estimated to have 11 months or 39,806 miles remaining.",Lease,https://luxrepair2025-rgb.github.io/lux-tesla-battery/carfax/7SAYGDEE5PA149610.pdf
643010,5YJ3E1EA3PF643010,2023,Model 3,Standard Sedan 4D,Standard Range RWD,,22436,,Available,0,LFP,3.77,272,2023 Model 3 RWD - https://www.fueleconomy.gov/feg/noframes/46206.shtml,93.0,253,-19,Excellent,https://www.luxautomotivellc.com/inventory/tesla/model-3/643010/,,HW3,High,MCU3 – AMD Ryzen,High,"Fremont, CA",2026.38.3.1 (2026-10-08),2026.32.7,"FSD (Supervised) v14.3 Lite (2026.33.5, 2026-10-07)",Pre-Highland Model 3 (2019–2023) stayed on HW3; no HW4 mid-year change. | FSD only applies if the car has FSD purchased or an active subscription.,HW3,MCU3 – AMD Ryzen,,,93.0,Estimated,,,15,28600,26800,29100,12,High,,,https://www.autotrader.com/cars-for-sale/vehicle/792391441 https://www.autotrader.com/cars-for-sale/vehicle/788922773 https://www.autotrader.com/cars-for-sale/vehicle/792018432 https://www.autotrader.com/cars-for-sale/vehicle/790285485 https://www.autotrader.com/cars-for-sale/vehicle/788918866 https://www.autotrader.com/cars-for-sale/vehicle/792169541 https://www.autotrader.com/cars-for-sale/vehicle/782384802 https://www.autotrader.com/cars-for-sale/vehicle/792615484 https://www.autotrader.com/cars-for-sale/vehicle/792214767 https://www.autotrader.com/cars-for-sale/vehicle/792514770 https://www.autotrader.com/cars-for-sale/vehicle/791909945 https://www.autotrader.com/cars-for-sale/vehicle/792930067,Not listed,,25200,24000,26500,23200,46478,default,2026-10-10,"Manheim MMR (mmr.manheim.com), mileage-adjusted, default region",,,3400,13.5,Single style auto-decoded; matches prev_trim. Transactions shown 25 of 100+. Prev adj 25700.,,Hot,78,High,comps=152; comps_with_days=151; local_supply=91; local_radius=250; median_days=15; price_cut_share=40; mmr_transactions=100; median_vs_kbb_pct=-4.7,1,0,1-Owner | No Accidents | Lease use | Service records 5,26260,"Original warranty estimated to have 12 months or 49,985 miles remaining.",Lease,https://luxrepair2025-rgb.github.io/lux-tesla-battery/carfax/5YJ3E1EA3PF643010.pdf
657245,5YJ3E1EA1PF657245,2023,Model 3,Standard Sedan 4D,Standard Range RWD,Gray,23631,30995.0,Available,31,LFP,3.77,272,2023 Model 3 RWD - https://www.fueleconomy.gov/feg/noframes/46206.shtml,92.9,253,-19,Excellent,https://www.luxautomotivellc.com/inventory/tesla/model-3/657245/,https://imagescf.dealercenter.net/640/480/202606-ab35a6e169554b2f959a86bc1edf2870/202610-fe18305efb9746089a8f260898731ea6.jpg,HW3,High,MCU3 – AMD Ryzen,High,"Fremont, CA",2026.38.3.1 (2026-10-08),2026.32.7,"FSD (Supervised) v14.3 Lite (2026.33.5, 2026-10-07)",Pre-Highland Model 3 (2019–2023) stayed on HW3; no HW4 mid-year change. | FSD only applies if the car has FSD purchased or an active subscription.,HW3,MCU3 – AMD Ryzen,,,92.9,Estimated,,,17,28600,26600,29000,12,High,2395,8.4,https://www.autotrader.com/cars-for-sale/vehicle/790285485 https://www.autotrader.com/cars-for-sale/vehicle/792169541 https://www.autotrader.com/cars-for-sale/vehicle/792214767 https://www.autotrader.com/cars-for-sale/vehicle/792391441 https://www.autotrader.com/cars-for-sale/vehicle/792018432 https://www.autotrader.com/cars-for-sale/vehicle/788922773 https://www.autotrader.com/cars-for-sale/vehicle/790472416 https://www.autotrader.com/cars-for-sale/vehicle/782384802 https://www.autotrader.com/cars-for-sale/vehicle/792615484 https://www.autotrader.com/cars-for-sale/vehicle/791909945 https://www.autotrader.com/cars-for-sale/vehicle/790731861 https://www.autotrader.com/cars-for-sale/vehicle/792780652,White,Website,25100,23900,26400,23200,46478,default,2026-10-10,"Manheim MMR (mmr.manheim.com), mileage-adjusted, default region",5895,23.5,3500,13.9,Single style auto-decoded; matches prev_trim. Prev adj 25600.,,Hot,78,High,comps=152; comps_with_days=151; local_supply=91; local_radius=250; median_days=15; price_cut_share=40; mmr_transactions=100; median_vs_kbb_pct=-4.7,1,1,1-Owner | Minor Damage | Lease use | Service records 8,27310,"Original warranty estimated to have 12 months or 26,377 miles remaining.",Lease,https://luxrepair2025-rgb.github.io/lux-tesla-battery/carfax/5YJ3E1EA1PF657245.pdf
645058,5YJ3E1EA8PF645058,2023,Model 3,Standard Sedan 4D,Standard Range RWD,,24799,,Available,0,LFP,3.77,272,2023 Model 3 RWD - https://www.fueleconomy.gov/feg/noframes/46206.shtml,92.7,252,-20,Excellent,https://www.luxautomotivellc.com/inventory/tesla/model-3/645058/,,HW3,High,MCU3 – AMD Ryzen,High,"Fremont, CA",2026.38.3.1 (2026-10-08),2026.32.7,"FSD (Supervised) v14.3 Lite (2026.33.5, 2026-10-07)",Pre-Highland Model 3 (2019–2023) stayed on HW3; no HW4 mid-year change. | FSD only applies if the car has FSD purchased or an active subscription.,HW3,MCU3 – AMD Ryzen,,,92.7,Estimated,,,16,28500,27100,28900,12,High,,,https://www.autotrader.com/cars-for-sale/vehicle/792214767 https://www.autotrader.com/cars-for-sale/vehicle/792169541 https://www.autotrader.com/cars-for-sale/vehicle/791049359 https://www.autotrader.com/cars-for-sale/vehicle/791909945 https://www.autotrader.com/cars-for-sale/vehicle/790755672 https://www.autotrader.com/cars-for-sale/vehicle/790285485 https://www.autotrader.com/cars-for-sale/vehicle/792020340 https://www.autotrader.com/cars-for-sale/vehicle/792018432 https://www.autotrader.com/cars-for-sale/vehicle/792615484 https://www.autotrader.com/cars-for-sale/vehicle/792930067 https://www.autotrader.com/cars-for-sale/vehicle/792780652 https://www.autotrader.com/cars-for-sale/vehicle/792487443,Not listed,,25000,23800,26300,23200,46478,default,2026-10-10,"Manheim MMR (mmr.manheim.com), mileage-adjusted, default region",,,3500,14.0,Single style auto-decoded; matches prev_trim. Prev adj 25500.,,Hot,78,High,comps=152; comps_with_days=151; local_supply=91; local_radius=250; median_days=15; price_cut_share=40; mmr_transactions=100; median_vs_kbb_pct=-4.7,1,0,1-Owner | No Accidents | Lease use | Service records 8,26260,"Original warranty estimated to have 12 months or 49,985 miles remaining.",Lease,https://luxrepair2025-rgb.github.io/lux-tesla-battery/carfax/5YJ3E1EA8PF645058.pdf
208339,7SAYGDEE6PA208339,2023,Model Y,Standard Sport Utility 4D,Standard Range AWD,,18671,,Available,0,NMC (4680),3.77,279,2023 Model Y AWD (Standard Range) - https://www.fueleconomy.gov/feg/noframes/46211.shtml,92.6,258,-21,Excellent,https://www.luxautomotivellc.com/inventory/tesla/model-y/208339/,,HW4 (AI4),Medium,MCU3 – AMD Ryzen,High,"Austin, TX",2026.38.3.1 (2026-10-08),2026.32.7,"FSD (Supervised) v14.3.11 (2026.33.5, 2026-10-07)","Austin, TX VIN sequence 208339 ≥ 131200 (HW4 switch ~Jun 4 2023, community VIN data). | Confirm in car: Controls > Software > Additional Vehicle Information. | FSD only applies if the car has FSD purchased or an active subscription.",HW4 (AI4),MCU3 – AMD Ryzen,,,92.6,Estimated,,,23,37200,37000,39200,5,Low,,,https://www.autotrader.com/cars-for-sale/vehicle/783154155 https://www.autotrader.com/cars-for-sale/vehicle/789450777 https://www.autotrader.com/cars-for-sale/vehicle/792742524 https://www.autotrader.com/cars-for-sale/vehicle/792490400 https://www.autotrader.com/cars-for-sale/vehicle/793029449,Not listed,,33500,31900,35000,30400,47812,default,2026-10-10,"Manheim MMR (mmr.manheim.com), mileage-adjusted, default region",,,3700,11.0,"2 styles offered; chose 4D SUV LONG RANGE (matches prev_trim; site says Standard). Alternate: 2023 MODEL Y AWD 4D SUV base MMR 29400, avg odo 51954. Prev adj 33500.",,Hot,81,Medium,comps=9; comps_with_days=9; local_supply=3; local_radius=250; median_days=15; price_cut_share=33; mmr_transactions=100; median_vs_kbb_pct=-7.5,1,0,1-Owner | No Accidents | Lease use | Service records 7,31320,"Original warranty estimated to have 16 months or 49,985 miles remaining.",Lease,https://luxrepair2025-rgb.github.io/lux-tesla-battery/carfax/7SAYGDEE6PA208339.pdf
551964,5YJ3E1EA7PF551964,2023,Model 3,Standard Sedan 4D,Standard Range RWD,Blue,31746,25295.0,SOLD,29,LFP,3.77,272,2023 Model 3 RWD - https://www.fueleconomy.gov/feg/noframes/46206.shtml,91.9,250,-22,Excellent,https://www.luxautomotivellc.com/inventory/tesla/model-3/551964/,https://imagescf.dealercenter.net/640/480/202606-ab35a6e169554b2f959a86bc1edf2870/202609-8ba7803edc8d4abfa715cdc79ae8b0a5.jpg,HW3,High,MCU3 – AMD Ryzen,High,"Fremont, CA",2026.38.3.1 (2026-10-08),2026.32.7,"FSD (Supervised) v14.3 Lite (2026.33.5, 2026-10-07)",Pre-Highland Model 3 (2019–2023) stayed on HW3; no HW4 mid-year change. | FSD only applies if the car has FSD purchased or an active subscription.,HW3,MCU3 – AMD Ryzen,,,91.9,Estimated,,,12,28900,27500,29400,12,High,-3605,-12.5,https://www.autotrader.com/cars-for-sale/vehicle/788890779 https://www.autotrader.com/cars-for-sale/vehicle/787642360 https://www.autotrader.com/cars-for-sale/vehicle/779821713 https://www.autotrader.com/cars-for-sale/vehicle/791909943 https://www.autotrader.com/cars-for-sale/vehicle/791962494 https://www.autotrader.com/cars-for-sale/vehicle/792271282 https://www.autotrader.com/cars-for-sale/vehicle/790472014 https://www.autotrader.com/cars-for-sale/vehicle/788301913 https://www.autotrader.com/cars-for-sale/vehicle/791977380 https://www.autotrader.com/cars-for-sale/vehicle/791977381 https://www.autotrader.com/cars-for-sale/vehicle/791433343 https://www.autotrader.com/cars-for-sale/vehicle/782367866,White,Website,24900,23600,26100,23600,46617,default,2026-10-09,"Manheim MMR (mmr.manheim.com), mileage-adjusted, default region",395,1.6,4000,16.1,"retail range 23,500-28,400",,Hot,78,High,comps=152; comps_with_days=151; local_supply=91; local_radius=250; median_days=15; price_cut_share=40; mmr_transactions=100; median_vs_kbb_pct=-4.7,1,0,1-Owner | No Accidents | Lease use | Service records 7,26900,"Original warranty estimated to have 7 months or 18,254 miles remaining.",Lease,https://luxrepair2025-rgb.github.io/lux-tesla-battery/carfax/5YJ3E1EA7PF551964.pdf
612662,7SAYGDEF1PF612662,2023,Model Y,Long Range Sport Utility 4D,Long Range AWD,,23448,,Available,0,NCA/NMC,3.77,330,2023 Model Y Long Range AWD - https://www.fueleconomy.gov/feg/noframes/46212.shtml,91.9,303,-27,Excellent,https://www.luxautomotivellc.com/inventory/tesla/model-y/612662/,,HW3,Medium,MCU3 – AMD Ryzen,High,"Fremont, CA",2026.38.3.1 (2026-10-08),2026.32.7,"FSD (Supervised) v14.3 Lite (2026.33.5, 2026-10-07)","Fremont, CA VIN sequence 612662 < 789500 (before the 2023 HW4 switch, community VIN data); a few earlier HW4 exceptions exist. | Confirm in car: Controls > Software > Additional Vehicle Information. | FSD only applies if the car has FSD purchased or an active subscription.",HW3,MCU3 – AMD Ryzen,,,91.9,Estimated,,,24,35300,34200,36500,12,Medium,,,https://www.autotrader.com/cars-for-sale/vehicle/790247004 https://www.autotrader.com/cars-for-sale/vehicle/792851000 https://www.autotrader.com/cars-for-sale/vehicle/787661071 https://www.autotrader.com/cars-for-sale/vehicle/792422579 https://www.autotrader.com/cars-for-sale/vehicle/792532446 https://www.autotrader.com/cars-for-sale/vehicle/792020276 https://www.autotrader.com/cars-for-sale/vehicle/777249941 https://www.autotrader.com/cars-for-sale/vehicle/792490401 https://www.autotrader.com/cars-for-sale/vehicle/792746523 https://www.autotrader.com/cars-for-sale/vehicle/791432991 https://www.autotrader.com/cars-for-sale/vehicle/785498615 https://www.autotrader.com/cars-for-sale/vehicle/791799795,Not listed,,34900,33100,36700,32200,46125,default,2026-10-10,"Manheim MMR (mmr.manheim.com), mileage-adjusted, default region",,,400,1.1,"Single style auto-decoded (Performance; matches prev_trim, site says Long Range). Prev adj 35000.","Trim mismatch: website says Long Range, VIN/Manheim decode says Performance (2023 TESLA MODEL Y AWD 4D SUV PERFORMANCE) — verify. Spec, EPA range and pricing still use the website trim.",Hot,76,High,comps=100; comps_with_days=100; local_supply=52; local_radius=250; median_days=18; price_cut_share=44; mmr_transactions=75; median_vs_kbb_pct=-4.8,2,0,2 Owners | No Accidents | Personal use | Service records 15,34290,"Original warranty estimated to have 3 months or 26,865 miles remaining.",Personal,https://luxrepair2025-rgb.github.io/lux-tesla-battery/carfax/7SAYGDEF1PF612662.pdf
591951,5YJ3E1EA0PF591951,2023,Model 3,Standard Sedan 4D,Standard Range RWD,Black,35697,25995.0,Available,26,LFP,3.77,272,2023 Model 3 RWD - https://www.fueleconomy.gov/feg/noframes/46206.shtml,91.5,249,-23,Excellent,https://www.luxautomotivellc.com/inventory/tesla/model-3/591951/,https://imagescf.dealercenter.net/640/480/202606-ab35a6e169554b2f959a86bc1edf2870/202609-56b7453838d54115bdf7f56734af99f2.jpg,HW3,High,MCU3 – AMD Ryzen,High,"Fremont, CA",2026.38.3.1 (2026-10-08),2026.32.7,"FSD (Supervised) v14.3 Lite (2026.33.5, 2026-10-07)",Pre-Highland Model 3 (2019–2023) stayed on HW3; no HW4 mid-year change. | FSD only applies if the car has FSD purchased or an active subscription.,HW3,MCU3 – AMD Ryzen,,,91.5,Estimated,,,13,26000,25000,28600,12,Medium,-5,-0.0,https://www.autotrader.com/cars-for-sale/vehicle/791088766 https://www.autotrader.com/cars-for-sale/vehicle/792827661 https://www.autotrader.com/cars-for-sale/vehicle/792827698 https://www.autotrader.com/cars-for-sale/vehicle/789691688 https://www.autotrader.com/cars-for-sale/vehicle/792827660 https://www.autotrader.com/cars-for-sale/vehicle/790195415 https://www.autotrader.com/cars-for-sale/vehicle/791665522 https://www.autotrader.com/cars-for-sale/vehicle/790181684 https://www.autotrader.com/cars-for-sale/vehicle/792572362 https://www.autotrader.com/cars-for-sale/vehicle/792261199 https://www.autotrader.com/cars-for-sale/vehicle/792796713 https://www.autotrader.com/cars-for-sale/vehicle/792045618,Black,Website,24100,22900,25300,23200,46478,default,2026-10-10,"Manheim MMR (mmr.manheim.com), mileage-adjusted, default region",1895,7.9,1900,7.9,Single style auto-decoded; matches prev_trim. Prev adj 24500.,,Hot,78,High,comps=152; comps_with_days=151; local_supply=91; local_radius=250; median_days=15; price_cut_share=40; mmr_transactions=100; median_vs_kbb_pct=-4.7,1,0,1-Owner | No Accidents | Lease use | Service records 8,26840,"Original warranty estimated to have 10 months or 14,303 miles remaining.",Lease,https://luxrepair2025-rgb.github.io/lux-tesla-battery/carfax/5YJ3E1EA0PF591951.pdf
304751,7SAYGDED7RA304751,2024,Model Y,Long Range Sport Utility 4D,Long Range RWD,Gray,38976,37295.0,Available,28,NCA/NMC,2.77,320,2024 Model Y Long Range RWD - https://www.fueleconomy.gov/feg/noframes/48475.shtml,90.9,291,-29,Excellent,https://www.luxautomotivellc.com/inventory/tesla/model-y/304751/,https://imagescf.dealercenter.net/640/480/202606-ab35a6e169554b2f959a86bc1edf2870/202609-54f892852bec4caf95f86a41b0592b66.jpg,HW4 (AI4),High,MCU3 – AMD Ryzen,High,"Austin, TX",2026.38.3.1 (2026-10-08),2026.32.7,"FSD (Supervised) v14.3.11 (2026.33.5, 2026-10-07)",FSD only applies if the car has FSD purchased or an active subscription.,HW4 (AI4),MCU3 – AMD Ryzen,,,90.9,Estimated,,,27,34900,34300,36800,12,High,2395,6.9,https://www.autotrader.com/cars-for-sale/vehicle/792376746 https://www.autotrader.com/cars-for-sale/vehicle/791988145 https://www.autotrader.com/cars-for-sale/vehicle/787557311 https://www.autotrader.com/cars-for-sale/vehicle/791146854 https://www.autotrader.com/cars-for-sale/vehicle/784932451 https://www.autotrader.com/cars-for-sale/vehicle/782747653 https://www.autotrader.com/cars-for-sale/vehicle/792391523 https://www.autotrader.com/cars-for-sale/vehicle/792136438 https://www.autotrader.com/cars-for-sale/vehicle/792804249 https://www.autotrader.com/cars-for-sale/vehicle/792551219 https://www.autotrader.com/cars-for-sale/vehicle/791764068 https://www.autotrader.com/cars-for-sale/vehicle/791689451,White,Website,31200,29700,32700,30900,44529,default,2026-10-10,"Manheim MMR (mmr.manheim.com), mileage-adjusted, default region",6095,19.5,3700,11.9,"2 styles offered; chose 4D SUV LONG RANGE (matches site + prev_trim). Alternate: 2024 MODEL Y 2WD 4D SUV base 30900, avg odo 36911. Prev adj 31200.",,Hot,74,High,comps=19; comps_with_days=19; local_supply=13; local_radius=250; median_days=12; price_cut_share=32; mmr_transactions=28; median_vs_kbb_pct=-5.0,1,1,1-Owner | Minor Damage | Lease use | Service records 6,32830,"Original warranty estimated to have 21 months or 11,168 miles remaining.",Lease,https://luxrepair2025-rgb.github.io/lux-tesla-battery/carfax/7SAYGDED7RA304751.pdf
544132,5YJ3E1EA4PF544132,2023,Model 3,Standard Sedan 4D,Standard Range RWD,White,45173,27295.0,Available,29,LFP,3.77,272,2023 Model 3 RWD - https://www.fueleconomy.gov/feg/noframes/46206.shtml,90.8,247,-25,Excellent,https://www.luxautomotivellc.com/inventory/tesla/model-3/544132/,https://imagescf.dealercenter.net/640/480/202606-ab35a6e169554b2f959a86bc1edf2870/202610-0743d9db7b7246039962cec24950a213.jpg,HW3,High,MCU3 – AMD Ryzen,High,"Fremont, CA",2026.38.3.1 (2026-10-08),2026.32.7,"FSD (Supervised) v14.3 Lite (2026.33.5, 2026-10-07)",Pre-Highland Model 3 (2019–2023) stayed on HW3; no HW4 mid-year change. | FSD only applies if the car has FSD purchased or an active subscription.,HW3,MCU3 – AMD Ryzen,,,90.8,Estimated,,,28,26500,24800,27000,12,High,795,3.0,https://www.autotrader.com/cars-for-sale/vehicle/786392592 https://www.autotrader.com/cars-for-sale/vehicle/790098946 https://www.autotrader.com/cars-for-sale/vehicle/792079873 https://www.autotrader.com/cars-for-sale/vehicle/782893145 https://www.autotrader.com/cars-for-sale/vehicle/789446008 https://www.autotrader.com/cars-for-sale/vehicle/792417491 https://www.autotrader.com/cars-for-sale/vehicle/791909944 https://www.autotrader.com/cars-for-sale/vehicle/793069697 https://www.autotrader.com/cars-for-sale/vehicle/786139544 https://www.autotrader.com/cars-for-sale/vehicle/791433344 https://www.cars.com/vehicledetail/5951dc23-d4b1-48a5-bb18-3ffc0da364fa/ https://www.autotrader.com/cars-for-sale/vehicle/791466812,White,Website,23300,22200,24500,23200,46478,default,2026-10-10,"Manheim MMR (mmr.manheim.com), mileage-adjusted, default region",3995,17.1,3200,13.7,Single style auto-decoded; matches prev_trim. Prev adj 23700.,,Hot,78,High,comps=152; comps_with_days=151; local_supply=91; local_radius=250; median_days=15; price_cut_share=40; mmr_transactions=100; median_vs_kbb_pct=-4.7,1,0,1-Owner | No Accidents | Personal Lease use | Service records 6,25370,Warranty Active,Personal Lease,https://luxrepair2025-rgb.github.io/lux-tesla-battery/carfax/5YJ3E1EA4PF544132.pdf
872032,7SAYGDEF7PF872032,2023,Model Y,Long Range Sport Utility 4D,Long Range AWD,,34896,,Available,0,NCA/NMC,3.77,330,2023 Model Y Long Range AWD - https://www.fueleconomy.gov/feg/noframes/46212.shtml,90.5,299,-31,Excellent,https://www.luxautomotivellc.com/inventory/tesla/model-y/872032/,,HW4 (AI4),Medium,MCU3 – AMD Ryzen,High,"Fremont, CA",2026.38.3.1 (2026-10-08),2026.32.7,"FSD (Supervised) v14.3.11 (2026.33.5, 2026-10-07)","Fremont, CA VIN sequence 872032 ≥ 789500 (HW4 switch ~May 24 2023, community VIN data). | Confirm in car: Controls > Software > Additional Vehicle Information. | FSD only applies if the car has FSD purchased or an active subscription.",HW4 (AI4),MCU3 – AMD Ryzen,,,90.5,Estimated,,,26,34800,33100,36100,12,High,,,https://www.autotrader.com/cars-for-sale/vehicle/789602376 https://www.autotrader.com/cars-for-sale/vehicle/793151342 https://www.autotrader.com/cars-for-sale/vehicle/792816961 https://www.autotrader.com/cars-for-sale/vehicle/792860362 https://www.autotrader.com/cars-for-sale/vehicle/791049388 https://www.autotrader.com/cars-for-sale/vehicle/793035985 https://www.autotrader.com/cars-for-sale/vehicle/781483818 https://www.autotrader.com/cars-for-sale/vehicle/790080420 https://www.autotrader.com/cars-for-sale/vehicle/786583547 https://www.autotrader.com/cars-for-sale/vehicle/785481834 https://www.autotrader.com/cars-for-sale/vehicle/792707223 https://www.autotrader.com/cars-for-sale/vehicle/792868231,Not listed,,33600,31900,35300,32200,46125,default,2026-10-10,"Manheim MMR (mmr.manheim.com), mileage-adjusted, default region",,,1200,3.6,"Single style auto-decoded (Performance; matches prev_trim, site says Long Range). Prev adj 33600.","Trim mismatch: website says Long Range, VIN/Manheim decode says Performance (2023 TESLA MODEL Y AWD 4D SUV PERFORMANCE) — verify. Spec, EPA range and pricing still use the website trim.",Hot,76,High,comps=100; comps_with_days=100; local_supply=52; local_radius=250; median_days=18; price_cut_share=44; mmr_transactions=75; median_vs_kbb_pct=-4.8,1,1,1-Owner | Minor Damage | Lease use | Service records 12,33370,"Original warranty estimated to have 12 months or 15,108 miles remaining.",Lease,https://luxrepair2025-rgb.github.io/lux-tesla-battery/carfax/7SAYGDEF7PF872032.pdf
482978,5YJ3E1EA1PF482978,2023,Model 3,Standard Sedan 4D,Standard Range RWD,White,52605,25295.0,Available,30,LFP,3.77,272,2023 Model 3 RWD - https://www.fueleconomy.gov/feg/noframes/46206.shtml,90.3,246,-26,Excellent,https://www.luxautomotivellc.com/inventory/tesla/model-3/482978/,https://imagescf.dealercenter.net/640/480/202606-ab35a6e169554b2f959a86bc1edf2870/202610-384a2289983541f29546486148423fec.jpg,HW3,High,MCU3 – AMD Ryzen,High,"Fremont, CA",2026.38.3.1 (2026-10-08),2026.32.7,"FSD (Supervised) v14.3 Lite (2026.33.5, 2026-10-07)",Pre-Highland Model 3 (2019–2023) stayed on HW3; no HW4 mid-year change. | FSD only applies if the car has FSD purchased or an active subscription.,HW3,MCU3 – AMD Ryzen,,,90.3,Estimated,,,11,26800,24700,27800,12,High,-1505,-5.6,https://www.autotrader.com/cars-for-sale/vehicle/791914447 https://www.autotrader.com/cars-for-sale/vehicle/788169668 https://www.autotrader.com/cars-for-sale/vehicle/792437972 https://www.autotrader.com/cars-for-sale/vehicle/788220735 https://www.autotrader.com/cars-for-sale/vehicle/792796708 https://www.autotrader.com/cars-for-sale/vehicle/788850227 https://www.autotrader.com/cars-for-sale/vehicle/788498741 https://www.autotrader.com/cars-for-sale/vehicle/792796716 https://www.autotrader.com/cars-for-sale/vehicle/792045668 https://www.autotrader.com/cars-for-sale/vehicle/792614812 https://www.autotrader.com/cars-for-sale/vehicle/791284779 https://www.autotrader.com/cars-for-sale/vehicle/792796710,Black,Website,22700,21100,24300,23200,46478,default,2026-10-10,"Manheim MMR (mmr.manheim.com), mileage-adjusted, default region",2595,11.4,4100,18.1,Single style auto-decoded; matches prev_trim. Prev adj 23100.,,Hot,78,High,comps=152; comps_with_days=151; local_supply=91; local_radius=250; median_days=15; price_cut_share=40; mmr_transactions=100; median_vs_kbb_pct=-4.7,1,1,1-Owner | Accident reported (severity not stated) | Lease use | Service records 4,25080,"Original warranty estimated to have 5 months or 49,985 miles remaining.",Lease,https://luxrepair2025-rgb.github.io/lux-tesla-battery/carfax/5YJ3E1EA1PF482978.pdf
642122,5YJ3E1EA9PF642122,2023,Model 3,Standard Sedan 4D,Standard Range RWD,Gray,70767,25995.0,Available,30,LFP,3.77,272,2023 Model 3 RWD - https://www.fueleconomy.gov/feg/noframes/46206.shtml,89.4,243,-29,Excellent,https://www.luxautomotivellc.com/inventory/tesla/model-3/642122/,https://imagescf.dealercenter.net/640/480/202606-ab35a6e169554b2f959a86bc1edf2870/202610-bd19f18b78304550a24bf7f202cc26bc.jpg,HW3,High,MCU3 – AMD Ryzen,High,"Fremont, CA",2026.38.3.1 (2026-10-08),2026.32.7,"FSD (Supervised) v14.3 Lite (2026.33.5, 2026-10-07)",Pre-Highland Model 3 (2019–2023) stayed on HW3; no HW4 mid-year change. | FSD only applies if the car has FSD purchased or an active subscription.,HW3,MCU3 – AMD Ryzen,,,89.4,Estimated,,,14,24400,23100,25800,12,High,1595,6.5,https://www.autotrader.com/cars-for-sale/vehicle/792926582 https://www.autotrader.com/cars-for-sale/vehicle/791200542 https://www.autotrader.com/cars-for-sale/vehicle/783471361 https://www.autotrader.com/cars-for-sale/vehicle/792950070 https://www.autotrader.com/cars-for-sale/vehicle/792550262 https://www.autotrader.com/cars-for-sale/vehicle/792110161 https://www.autotrader.com/cars-for-sale/vehicle/787267373 https://www.autotrader.com/cars-for-sale/vehicle/790991657 https://www.autotrader.com/cars-for-sale/vehicle/792630344 https://www.autotrader.com/cars-for-sale/vehicle/790009110 https://www.autotrader.com/cars-for-sale/vehicle/786890861 https://www.autotrader.com/cars-for-sale/vehicle/792386288,Black,Website,21100,19650,22700,23200,46478,default,2026-10-10,"Manheim MMR (mmr.manheim.com), mileage-adjusted, default region",4895,23.2,3300,15.6,Single style auto-decoded; matches prev_trim. Prev adj 21600.,,Hot,78,High,comps=152; comps_with_days=151; local_supply=91; local_radius=250; median_days=15; price_cut_share=40; mmr_transactions=100; median_vs_kbb_pct=-4.7,1,1,1-Owner | Accident reported (severity not stated) | Lease use | Service records 6,25990,"Original warranty estimated to have 13 months or 49,985 miles remaining.",Lease,https://luxrepair2025-rgb.github.io/lux-tesla-battery/carfax/5YJ3E1EA9PF642122.pdf
439008,5YJ3E1EA4PF439008,2023,Model 3,Standard Sedan 4D,Standard Range RWD,Red,125415,18295.0,Available,23,LFP,3.77,272,2023 Model 3 RWD - https://www.fueleconomy.gov/feg/noframes/46206.shtml,87.6,238,-34,Excellent,https://www.luxautomotivellc.com/inventory/tesla/model-3/439008/,https://imagescf.dealercenter.net/640/480/202606-ab35a6e169554b2f959a86bc1edf2870/202608-637e1cf6d97041f0ab3ee17bc6ee8711.jpg,HW3,High,MCU3 – AMD Ryzen,High,"Fremont, CA",2026.38.3.1 (2026-10-08),2026.32.7,"FSD (Supervised) v14.3 Lite (2026.33.5, 2026-10-07)",Pre-Highland Model 3 (2019–2023) stayed on HW3; no HW4 mid-year change. | FSD only applies if the car has FSD purchased or an active subscription.,HW3,MCU3 – AMD Ryzen,,,87.6,Estimated,,,10,17300,15700,17900,12,Medium,995,5.8,https://www.autotrader.com/cars-for-sale/vehicle/792752849 https://www.autotrader.com/cars-for-sale/vehicle/787630858 https://www.autotrader.com/cars-for-sale/vehicle/789532651 https://www.autotrader.com/cars-for-sale/vehicle/775058826 https://www.autotrader.com/cars-for-sale/vehicle/793024207 https://www.autotrader.com/cars-for-sale/vehicle/783166542 https://www.autotrader.com/cars-for-sale/vehicle/790195416 https://www.autotrader.com/cars-for-sale/vehicle/787057348 https://www.autotrader.com/cars-for-sale/vehicle/792876837 https://www.autotrader.com/cars-for-sale/vehicle/791710414 https://www.autotrader.com/cars-for-sale/vehicle/789545876 https://www.autotrader.com/cars-for-sale/vehicle/792733919,Black,Website,16800,15600,18000,23200,46478,default,2026-10-10,"Manheim MMR (mmr.manheim.com), mileage-adjusted, default region",1495,8.9,500,3.0,Single style auto-decoded; matches prev_trim. Adjustment shown is total MMR adjustment (mileage only). Transactions = total listed. Prev adj 18100.,,Hot,78,High,comps=152; comps_with_days=151; local_supply=91; local_radius=250; median_days=15; price_cut_share=40; mmr_transactions=100; median_vs_kbb_pct=-4.7,1,2,1-Owner | Minor Damage ×2 | Rental history | Service records 20,20100,Original warranty estimated to have expired.,Rental,https://luxrepair2025-rgb.github.io/lux-tesla-battery/carfax/5YJ3E1EA4PF439008.pdf
323907,5YJ3E1EB9NF323907,2022,Model 3,Long Range Sedan 4D,Long Range AWD,,66167,,Available,0,NCA/NMC,4.77,358,2022 Model 3 Long Range AWD - https://www.fueleconomy.gov/feg/noframes/45011.shtml,87.4,313,-45,Excellent,https://www.luxautomotivellc.com/inventory/tesla/model-3/323907/,,HW3,High,MCU3 – AMD Ryzen,Medium,"Fremont, CA",2026.38.3.1 (2026-10-08),2026.32.7,"FSD (Supervised) v14.3 Lite (2026.33.5, 2026-10-07)",VIN sequence 323907 is well after the Ryzen start (~139xxx); likely after the Q2 2022 full switch. | Confirm in car: Controls > Software > Additional Vehicle Information. | FSD only applies if the car has FSD purchased or an active subscription.,HW3,MCU3 – AMD Ryzen,,,87.4,Estimated,,,9,25700,25300,26800,12,High,,,https://www.autotrader.com/cars-for-sale/vehicle/792313500 https://www.autotrader.com/cars-for-sale/vehicle/792850996 https://www.autotrader.com/cars-for-sale/vehicle/792842509 https://www.autotrader.com/cars-for-sale/vehicle/792802189 https://www.autotrader.com/cars-for-sale/vehicle/792029072 https://www.autotrader.com/cars-for-sale/vehicle/790803068 https://www.autotrader.com/cars-for-sale/vehicle/791191107 https://www.autotrader.com/cars-for-sale/vehicle/792630831 https://www.autotrader.com/cars-for-sale/vehicle/791407672 https://www.autotrader.com/cars-for-sale/vehicle/792938980 https://www.autotrader.com/cars-for-sale/vehicle/782391643 https://www.autotrader.com/cars-for-sale/vehicle/792406838,Not listed,,22400,21100,23700,21400,75785,default,2026-10-10,"Manheim MMR (mmr.manheim.com), mileage-adjusted, default region",,,3300,14.7,Single style auto-decoded; matches prev_trim. Adjustment shown is total MMR adjustment (mileage only). Transactions = total listed. Prev adj 22400.,,Hot,73,High,comps=50; comps_with_days=49; local_supply=26; local_radius=250; median_days=14; price_cut_share=49; mmr_transactions=100; median_vs_kbb_pct=-7.7,1,1,1-Owner | Minor Damage | Personal use | Service records 9,25480,Original warranty estimated to have expired.,Personal,https://luxrepair2025-rgb.github.io/lux-tesla-battery/carfax/5YJ3E1EB9NF323907.pdf
119770,5YJ3E1EB7NF119770,2022,Model 3,Long Range Sedan 4D,Long Range AWD,,75953,,Available,0,NCA/NMC,4.77,358,2022 Model 3 Long Range AWD - https://www.fueleconomy.gov/feg/noframes/45011.shtml,86.9,311,-47,Excellent,https://www.luxautomotivellc.com/inventory/tesla/model-3/119770/,,HW3,High,MCU2 – Intel Atom,Medium,"Fremont, CA",2026.38.3.1 (2026-10-08),2026.32.7,"FSD (Supervised) v14.3 Lite (2026.33.5, 2026-10-07)","VIN sequence 119770 is before the first Ryzen Model 3s (~139xxx, built Dec 21 2021): likely Intel Atom. | Confirm in car: Controls > Software > Additional Vehicle Information. | FSD only applies if the car has FSD purchased or an active subscription.",HW3,MCU2 – Intel Atom,,,86.9,Estimated,,,6,25000,24600,27900,12,Medium,,,https://www.autotrader.com/cars-for-sale/vehicle/790666397 https://www.autotrader.com/cars-for-sale/vehicle/792842509 https://www.autotrader.com/cars-for-sale/vehicle/792063316 https://www.autotrader.com/cars-for-sale/vehicle/792850996 https://www.autotrader.com/cars-for-sale/vehicle/788919267 https://www.autotrader.com/cars-for-sale/vehicle/782391643 https://www.autotrader.com/cars-for-sale/vehicle/792677112 https://www.autotrader.com/cars-for-sale/vehicle/792406838 https://www.autotrader.com/cars-for-sale/vehicle/791407672 https://www.autotrader.com/cars-for-sale/vehicle/792630831 https://www.autotrader.com/cars-for-sale/vehicle/790344549 https://www.autotrader.com/cars-for-sale/vehicle/790803068,Not listed,,21400,20100,22600,21400,75785,default,2026-10-10,"Manheim MMR (mmr.manheim.com), mileage-adjusted, default region",,,3600,16.8,Single style auto-decoded; matches prev_trim. Adjustment shown is total MMR adjustment (mileage only). Transactions = total listed. Prev adj 21400.,,Hot,73,High,comps=50; comps_with_days=49; local_supply=26; local_radius=250; median_days=14; price_cut_share=49; mmr_transactions=100; median_vs_kbb_pct=-7.7,1,0,1-Owner | No Accidents | Personal use | Service records 11,23850,Original warranty estimated to have expired.,Personal,https://luxrepair2025-rgb.github.io/lux-tesla-battery/carfax/5YJ3E1EB7NF119770.pdf
830720,7SAYGDEF5PF830720,2023,Model Y,Performance Sport Utility 4D,Performance AWD,White,65586,32295.0,Available,31,NCA/NMC,3.77,303,2023 Model Y Performance AWD - https://www.fueleconomy.gov/feg/noframes/46213.shtml,86.2,261,-42,Excellent,https://www.luxautomotivellc.com/inventory/tesla/model-y/830720/,https://imagescf.dealercenter.net/640/480/202606-ab35a6e169554b2f959a86bc1edf2870/202609-ddde38a92b5443acadc04c240d0a9101.jpg,HW4 (AI4),Medium,MCU3 – AMD Ryzen,High,"Fremont, CA",2026.38.3.1 (2026-10-08),2026.32.7,"FSD (Supervised) v14.3.11 (2026.33.5, 2026-10-07)","Fremont, CA VIN sequence 830720 ≥ 789500 (HW4 switch ~May 24 2023, community VIN data). | Confirm in car: Controls > Software > Additional Vehicle Information. | FSD only applies if the car has FSD purchased or an active subscription.",HW4 (AI4),MCU3 – AMD Ryzen,,,86.2,Estimated,,,25,33100,29800,35900,5,Medium,-805,-2.4,https://www.autotrader.com/cars-for-sale/vehicle/792313496 https://www.autotrader.com/cars-for-sale/vehicle/792794651 https://www.autotrader.com/cars-for-sale/vehicle/791873229 https://www.autotrader.com/cars-for-sale/vehicle/792844226 https://www.autotrader.com/cars-for-sale/vehicle/793166015,White,Website,30000,28300,31600,32200,46125,default,2026-10-10,"Manheim MMR (mmr.manheim.com), mileage-adjusted, default region",2295,7.6,3100,10.3,Single style auto-decoded; matches prev_trim. Adjustment shown is total MMR adjustment (mileage only). Transactions = total listed. Prev adj 30000.,,Hot,78,High,comps=30; comps_with_days=30; local_supply=18; local_radius=250; median_days=14; price_cut_share=40; mmr_transactions=75; median_vs_kbb_pct=-4.9,1,1,1-Owner | Minor Damage | Personal use | Service records 5,29630,Original warranty estimated to have expired.,Personal,https://luxrepair2025-rgb.github.io/lux-tesla-battery/carfax/7SAYGDEF5PF830720.pdf
260077,5YJ3E1EB7NF260077,2022,Model 3,Long Range Sedan 4D,Long Range AWD,,106476,,Available,0,NCA/NMC,4.77,358,2022 Model 3 Long Range AWD - https://www.fueleconomy.gov/feg/noframes/45011.shtml,85.6,306,-52,Excellent,https://www.luxautomotivellc.com/inventory/tesla/model-3/260077/,,HW3,High,MCU3 – AMD Ryzen,Medium,"Fremont, CA",2026.38.3.1 (2026-10-08),2026.32.7,"FSD (Supervised) v14.3 Lite (2026.33.5, 2026-10-07)",VIN sequence 260077 is well after the Ryzen start (~139xxx); likely after the Q2 2022 full switch. | Confirm in car: Controls > Software > Additional Vehicle Information. | FSD only applies if the car has FSD purchased or an active subscription.,HW3,MCU3 – AMD Ryzen,,,85.6,Estimated,,,8,22000,20800,23000,12,High,,,https://www.autotrader.com/cars-for-sale/vehicle/789751794 https://www.autotrader.com/cars-for-sale/vehicle/790755683 https://www.autotrader.com/cars-for-sale/vehicle/781017453 https://www.autotrader.com/cars-for-sale/vehicle/792395844 https://www.autotrader.com/cars-for-sale/vehicle/792516043 https://www.autotrader.com/cars-for-sale/vehicle/792441947 https://www.autotrader.com/cars-for-sale/vehicle/792677112 https://www.autotrader.com/cars-for-sale/vehicle/792045616 https://www.autotrader.com/cars-for-sale/vehicle/792045667 https://www.autotrader.com/cars-for-sale/vehicle/787419028 https://www.autotrader.com/cars-for-sale/vehicle/793154853 https://www.autotrader.com/cars-for-sale/vehicle/790344549,Not listed,,18100,16450,19800,21400,75785,default,2026-10-10,"Manheim MMR (mmr.manheim.com), mileage-adjusted, default region",,,3900,21.5,Single style auto-decoded; matches prev_trim. Adjustment shown is total MMR adjustment (mileage only). Transactions = total listed. Prev adj 18100.,,Hot,73,High,comps=50; comps_with_days=49; local_supply=26; local_radius=250; median_days=14; price_cut_share=49; mmr_transactions=100; median_vs_kbb_pct=-7.7,2,0,2 Owners | No Accidents | Personal use | Service records 12,25460,Original warranty estimated to have expired.,Personal,https://luxrepair2025-rgb.github.io/lux-tesla-battery/carfax/5YJ3E1EB7NF260077.pdf
980227,5YJ3E1EB8MF980227,2021,Model 3,Long Range Sedan 4D,Long Range AWD,Black,87792,21995.0,Available,28,NCA/NMC,5.77,353,2021 Model 3 Long Range AWD - https://www.fueleconomy.gov/feg/noframes/43401.shtml,85.5,302,-51,Excellent,https://www.luxautomotivellc.com/inventory/tesla/model-3/980227/,https://imagescf.dealercenter.net/640/480/202606-ab35a6e169554b2f959a86bc1edf2870/202609-3e84134cd938444895fba0a9bf24f1a9.jpg,HW3,High,MCU2 – Intel Atom,High,"Fremont, CA",2026.38.3.1 (2026-10-08),2026.32.7,"FSD (Supervised) v14.3 Lite (2026.33.5, 2026-10-07)",FSD only applies if the car has FSD purchased or an active subscription.,HW3,MCU2 – Intel Atom,,,85.5,Estimated,,,5,23100,22300,23700,12,High,-1105,-4.8,https://www.autotrader.com/cars-for-sale/vehicle/790029857 https://www.autotrader.com/cars-for-sale/vehicle/792278875 https://www.autotrader.com/cars-for-sale/vehicle/791569544 https://www.autotrader.com/cars-for-sale/vehicle/791808537 https://www.autotrader.com/cars-for-sale/vehicle/789891576 https://www.autotrader.com/cars-for-sale/vehicle/793033193 https://www.autotrader.com/cars-for-sale/vehicle/792594336 https://www.autotrader.com/cars-for-sale/vehicle/792413800 https://www.autotrader.com/cars-for-sale/vehicle/791971685 https://www.autotrader.com/cars-for-sale/vehicle/791076921 https://www.autotrader.com/cars-for-sale/vehicle/790734110 https://www.autotrader.com/cars-for-sale/vehicle/791258437,Black,Website,19150,17850,20500,19600,83516,default,2026-10-10,"Manheim MMR (mmr.manheim.com), mileage-adjusted, default region",2845,14.9,3950,20.6,Single style auto-decoded; matches prev_trim. Adjustment shown is total MMR adjustment (mileage only). Transactions = total listed. Prev adj 19200.,,Hot,68,High,comps=28; comps_with_days=28; local_supply=14; local_radius=250; median_days=16; price_cut_share=57; mmr_transactions=58; median_vs_kbb_pct=-10.7,1,2,1-Owner | Minor Damage ×2 | Personal use | Service records 16,22210,Original warranty estimated to have expired.,Personal,https://luxrepair2025-rgb.github.io/lux-tesla-battery/carfax/5YJ3E1EB8MF980227.pdf
168840,5YJ3E1EB5NF168840,2022,Model 3,Long Range Sedan 4D,Long Range AWD,,108217,,Available,0,NCA/NMC,4.77,358,2022 Model 3 Long Range AWD - https://www.fueleconomy.gov/feg/noframes/45011.shtml,85.5,306,-52,Excellent,https://www.luxautomotivellc.com/inventory/tesla/model-3/168840/,,HW3,High,MCU3 – AMD Ryzen (likely),Low,"Fremont, CA",2026.38.3.1 (2026-10-08),2026.32.7,"FSD (Supervised) v14.3 Lite (2026.33.5, 2026-10-07)","VIN sequence 168840 falls in the Atom→Ryzen transition (Dec 2021–Q2 2022, mixed builds): could be either. | Confirm in car: Controls > Software > Additional Vehicle Information. | FSD only applies if the car has FSD purchased or an active subscription.",HW3,MCU3 – AMD Ryzen (likely),,,85.5,Estimated,,,7,21900,20700,22900,12,High,,,https://www.autotrader.com/cars-for-sale/vehicle/790755683 https://www.autotrader.com/cars-for-sale/vehicle/789751794 https://www.autotrader.com/cars-for-sale/vehicle/792516043 https://www.autotrader.com/cars-for-sale/vehicle/781017453 https://www.autotrader.com/cars-for-sale/vehicle/792395844 https://www.autotrader.com/cars-for-sale/vehicle/792441947 https://www.autotrader.com/cars-for-sale/vehicle/792677112 https://www.autotrader.com/cars-for-sale/vehicle/792045616 https://www.autotrader.com/cars-for-sale/vehicle/792215369 https://www.autotrader.com/cars-for-sale/vehicle/792045667 https://www.autotrader.com/cars-for-sale/vehicle/793154853 https://www.autotrader.com/cars-for-sale/vehicle/787419028,Not listed,,17950,16250,19600,21400,75785,default,2026-10-10,"Manheim MMR (mmr.manheim.com), mileage-adjusted, default region",,,3950,22.0,Single style auto-decoded; matches prev_trim. Adjustment shown is total MMR adjustment (mileage only). Transactions = total listed. Prev adj 17950.,,Hot,73,High,comps=50; comps_with_days=49; local_supply=26; local_radius=250; median_days=14; price_cut_share=49; mmr_transactions=100; median_vs_kbb_pct=-7.7,2,0,2 Owners | No Accidents | Personal use | Service records 7,21670,Original warranty estimated to have expired.,Personal,https://luxrepair2025-rgb.github.io/lux-tesla-battery/carfax/5YJ3E1EB5NF168840.pdf
020218,5YJ3E1EC6MF020218,2021,Model 3,Performance Sedan 4D,Performance AWD,,62146,,Available,0,NCA/NMC,5.77,315,2021 Model 3 Performance AWD - https://www.fueleconomy.gov/feg/noframes/43402.shtml,84.8,267,-48,Good,https://www.luxautomotivellc.com/inventory/tesla/model-3/020218/,,HW3,High,MCU2 – Intel Atom,High,"Fremont, CA",2026.38.3.1 (2026-10-08),2026.32.7,"FSD (Supervised) v14.3 Lite (2026.33.5, 2026-10-07)",FSD only applies if the car has FSD purchased or an active subscription.,HW3,MCU2 – Intel Atom,,,84.8,Estimated,,,4,27600,26200,29000,9,High,,,https://www.autotrader.com/cars-for-sale/vehicle/792049090 https://www.autotrader.com/cars-for-sale/vehicle/792925963 https://www.autotrader.com/cars-for-sale/vehicle/782894097 https://www.autotrader.com/cars-for-sale/vehicle/790940033 https://www.autotrader.com/cars-for-sale/vehicle/788943423 https://www.autotrader.com/cars-for-sale/vehicle/791134774 https://www.autotrader.com/cars-for-sale/vehicle/792422940 https://www.autotrader.com/cars-for-sale/vehicle/792209319 https://www.autotrader.com/cars-for-sale/vehicle/793209994,Not listed,,24500,22800,26200,23100,74852,default,2026-10-10,"Manheim MMR (mmr.manheim.com), mileage-adjusted, default region",,,3100,12.7,Single style auto-decoded; matches prev_trim. Adjustment shown is total MMR adjustment (mileage only). Transactions = total listed. Prev adj 24400.,,Warm,45,High,comps=17; comps_with_days=17; local_supply=13; local_radius=250; median_days=23; price_cut_share=65; mmr_transactions=11; median_vs_kbb_pct=-7.8,1,0,1-Owner | No Accidents | Personal use | Service records 22,26020,Original warranty estimated to have expired.,Personal,https://luxrepair2025-rgb.github.io/lux-tesla-battery/carfax/5YJ3E1EC6MF020218.pdf
377806,7SAYGDEE0NF377806,2022,Model Y,Long Range Sport Utility 4D,Long Range AWD,Blue,135196,21995.0,Available,27,NCA/NMC,4.77,330,2022 Model Y Long Range AWD - https://www.fueleconomy.gov/feg/noframes/45018.shtml,84.5,279,-51,Good,https://www.luxautomotivellc.com/inventory/tesla/model-y/377806/,https://imagescf.dealercenter.net/640/480/202606-ab35a6e169554b2f959a86bc1edf2870/202610-a2b7dcd83ad74f9fb96acb566e36b8d7.jpg,HW3,High,MCU3 – AMD Ryzen (likely),Medium,"Fremont, CA",2026.38.3.1 (2026-10-08),2026.32.7,"FSD (Supervised) v14.3 Lite (2026.33.5, 2026-10-07)","VIN sequence 377806 is after the Model Y Ryzen start (~356xxx, Jan 2022); Tesla mixed Atom/Ryzen until end of Q2 2022. | Confirm in car: Controls > Software > Additional Vehicle Information. | FSD only applies if the car has FSD purchased or an active subscription.",HW3,MCU3 – AMD Ryzen (likely),,,84.5,Estimated,,,21,20200,19600,22100,7,Medium,1795,8.9,https://www.autotrader.com/cars-for-sale/vehicle/790917083 https://www.autotrader.com/cars-for-sale/vehicle/787516060 https://www.autotrader.com/cars-for-sale/vehicle/792075356 https://www.autotrader.com/cars-for-sale/vehicle/793195963 https://www.autotrader.com/cars-for-sale/vehicle/792974013 https://www.autotrader.com/cars-for-sale/vehicle/791616299 https://www.autotrader.com/cars-for-sale/vehicle/791367858,Black,Website,18650,17250,20100,26200,67995,default,2026-10-10,"Manheim MMR (mmr.manheim.com), mileage-adjusted, default region",3345,17.9,1550,8.3,Single style auto-decoded; matches prev_trim. Adjustment shown is total MMR adjustment (mileage only). Transactions = total listed. Prev adj 18500.,,Hot,75,High,comps=45; comps_with_days=45; local_supply=24; local_radius=250; median_days=21; price_cut_share=44; mmr_transactions=92; median_vs_kbb_pct=-5.5,1,0,1-Owner | No Accidents | Personal use | Service records 9,21130,Original warranty estimated to have expired.,Personal,https://luxrepair2025-rgb.github.io/lux-tesla-battery/carfax/7SAYGDEE0NF377806.pdf
741728,5YJ3E1EBXLF741728,2020,Model 3,Long Range Sedan 4D,Long Range AWD,Black,106036,18995.0,Available,30,NCA,6.77,322,2020 Model 3 Long Range AWD - https://www.fueleconomy.gov/feg/noframes/42275.shtml,84.0,270,-52,Good,https://www.luxautomotivellc.com/inventory/tesla/model-3/741728/,https://imagescf.dealercenter.net/640/480/202606-ab35a6e169554b2f959a86bc1edf2870/202608-5c4a3403f3a043bfb09ca7ff63bb14dd.jpg,HW3,High,MCU2 – Intel Atom,High,"Fremont, CA",2026.38.3.1 (2026-10-08),2026.32.7,"FSD (Supervised) v14.3 Lite (2026.33.5, 2026-10-07)",FSD only applies if the car has FSD purchased or an active subscription.,HW3,MCU2 – Intel Atom,,,84.0,Estimated,,,3,19900,18300,20600,8,Medium,-905,-4.5,https://www.autotrader.com/cars-for-sale/vehicle/790973119 https://www.autotrader.com/cars-for-sale/vehicle/787130292 https://www.autotrader.com/cars-for-sale/vehicle/792750843 https://www.autotrader.com/cars-for-sale/vehicle/783038831 https://www.autotrader.com/cars-for-sale/vehicle/790419215 https://www.autotrader.com/cars-for-sale/vehicle/790964055 https://www.autotrader.com/cars-for-sale/vehicle/792216485 https://www.autotrader.com/cars-for-sale/vehicle/792748076,Black,Website,16050,14600,17500,18400,85068,default,2026-10-10,"Manheim MMR (mmr.manheim.com), mileage-adjusted, default region",2945,18.3,3850,24.0,Single style auto-decoded; matches prev_trim. Adjustment shown is total MMR adjustment (mileage only). Transactions = total listed. Prev adj 16850.,,Hot,69,High,comps=16; comps_with_days=16; local_supply=9; local_radius=250; median_days=24; price_cut_share=56; mmr_transactions=54; median_vs_kbb_pct=-3.0,2,2,2 Owners | Minor Damage | Accident reported (severity not stated) | Personal use | Service records 22,18380,Original warranty estimated to have expired.,Personal,https://luxrepair2025-rgb.github.io/lux-tesla-battery/carfax/5YJ3E1EBXLF741728.pdf
438443,5YJSA1E68MF438443,2021,Model S,Plaid Sedan 4D,Plaid AWD,Red,89855,47495.0,Available,31,NCA,5.77,348,2021 Model S Plaid (21in wheels) - https://www.fueleconomy.gov/feg/noframes/44069.shtml,83.4,290,-58,Good,https://www.luxautomotivellc.com/inventory/tesla/model-s/438443/,https://imagescf.dealercenter.net/640/480/202610-cfcdbbb201ea4ab899e0f1880d96b92f/202610-25cb56f2e84c4f699936b097d25fad7f.jpg,HW3,High,MCU3 – AMD Ryzen,High,"Fremont, CA",2026.38.3.1 (2026-10-08),2026.32.7,"FSD (Supervised) v14.3 Lite (2026.33.5, 2026-10-07)",2021+ refreshed S/X (incl. Plaid) use the AMD Ryzen infotainment computer. | FSD v14 Lite has been reported for HW3 Model 3/Y; availability on HW3 Model S/X was not confirmed in the sources checked. | FSD only applies if the car has FSD purchased or an active subscription.,HW3,MCU3 – AMD Ryzen,,,83.4,Estimated,,,19,44100,43600,46800,6,Medium,3395,7.7,https://www.autotrader.com/cars-for-sale/vehicle/788922777 https://www.autotrader.com/cars-for-sale/vehicle/792060257 https://www.autotrader.com/cars-for-sale/vehicle/792579027 https://www.autotrader.com/cars-for-sale/vehicle/783238723 https://www.autotrader.com/cars-for-sale/vehicle/791216853 https://www.autotrader.com/cars-for-sale/vehicle/789592731,Black,Website,44300,39900,48700,54500,27574,default,2026-10-10,"Manheim MMR (mmr.manheim.com), mileage-adjusted, default region",3195,7.2,-200,-0.5,Single style auto-decoded; matches prev_trim. Adjustment shown is total MMR adjustment (mileage only). Transactions = total listed. Prev adj 42100.,,Warm,48,High,comps=17; comps_with_days=17; local_supply=10; local_radius=250; median_days=26; price_cut_share=65; mmr_transactions=14; median_vs_kbb_pct=-5.4,1,1,1-Owner | Minor Damage | Personal use | Service records 6,49930,Original warranty estimated to have expired.,Personal,https://luxrepair2025-rgb.github.io/lux-tesla-battery/carfax/5YJSA1E68MF438443.pdf
192141,5YJYGAEEXMF192141,2021,Model Y,Long Range Sport Utility 4D,Long Range AWD,White,153819,20995.0,Available,31,NCA,5.77,326,2021 Model Y Long Range AWD - https://www.fueleconomy.gov/feg/noframes/43406.shtml,83.0,271,-55,Good,https://www.luxautomotivellc.com/inventory/tesla/model-y/192141/,https://imagescf.dealercenter.net/640/480/202606-ab35a6e169554b2f959a86bc1edf2870/202610-f2d82613f5824c77abecfa862cb6d0ac.jpg,HW3,High,MCU2 – Intel Atom,High,"Fremont, CA",2026.38.3.1 (2026-10-08),2026.32.7,"FSD (Supervised) v14.3 Lite (2026.33.5, 2026-10-07)",FSD only applies if the car has FSD purchased or an active subscription.,HW3,MCU2 – Intel Atom,,,83.0,Estimated,,,20,18300,16500,19700,11,Medium,2695,14.7,https://www.autotrader.com/cars-for-sale/vehicle/783755192 https://www.autotrader.com/cars-for-sale/vehicle/787630933 https://www.autotrader.com/cars-for-sale/vehicle/782921393 https://www.autotrader.com/cars-for-sale/vehicle/788561021 https://www.autotrader.com/cars-for-sale/vehicle/790734108 https://www.autotrader.com/cars-for-sale/vehicle/783275063 https://www.autotrader.com/cars-for-sale/vehicle/791433377 https://www.autotrader.com/cars-for-sale/vehicle/789258783 https://www.autotrader.com/cars-for-sale/vehicle/789205162 https://www.autotrader.com/cars-for-sale/vehicle/792477862 https://www.autotrader.com/cars-for-sale/vehicle/790939555,Black,Website,15500,14300,16700,22800,83009,default,2026-10-10,"Manheim MMR (mmr.manheim.com), mileage-adjusted, default region",5495,35.5,2800,18.1,Single style auto-decoded; matches prev_trim. Adjustment shown is total MMR adjustment (mileage only). Transactions = total listed. Prev adj 15500.,,Hot,74,High,comps=59; comps_with_days=58; local_supply=38; local_radius=250; median_days=20; price_cut_share=47; mmr_transactions=100; median_vs_kbb_pct=-2.3,1,0,1-Owner | No Accidents | Personal use | Service records 9,17190,Original warranty estimated to have expired.,Personal,https://luxrepair2025-rgb.github.io/lux-tesla-battery/carfax/5YJYGAEEXMF192141.pdf
636924,5YJ3E1EB0LF636924,2020,Model 3,Long Range Sedan 4D,Long Range AWD,White,134479,16495.0,Available,30,NCA,6.77,322,2020 Model 3 Long Range AWD - https://www.fueleconomy.gov/feg/noframes/42275.shtml,82.9,267,-55,Good,https://www.luxautomotivellc.com/inventory/tesla/model-3/636924/,https://imagescf.dealercenter.net/640/480/202606-ab35a6e169554b2f959a86bc1edf2870/202608-589b0c804a4e4d9f8e13b24f0cf3a275.jpg,HW3,High,MCU2 – Intel Atom,High,"Fremont, CA",2026.38.3.1 (2026-10-08),2026.32.7,"FSD (Supervised) v14.3 Lite (2026.33.5, 2026-10-07)",FSD only applies if the car has FSD purchased or an active subscription.,HW3,MCU2 – Intel Atom,,,82.9,Estimated,,,2,17000,15500,18100,12,Medium,-505,-3.0,https://www.autotrader.com/cars-for-sale/vehicle/787130292 https://www.autotrader.com/cars-for-sale/vehicle/792750843 https://www.autotrader.com/cars-for-sale/vehicle/790973119 https://www.autotrader.com/cars-for-sale/vehicle/783038831 https://www.autotrader.com/cars-for-sale/vehicle/790419215 https://www.autotrader.com/cars-for-sale/vehicle/790964055 https://www.autotrader.com/cars-for-sale/vehicle/792747460 https://www.autotrader.com/cars-for-sale/vehicle/792748076 https://www.autotrader.com/cars-for-sale/vehicle/792216485 https://www.autotrader.com/cars-for-sale/vehicle/789009337 https://www.autotrader.com/cars-for-sale/vehicle/791340312 https://www.autotrader.com/cars-for-sale/vehicle/792320261,Black,Website,13300,12100,14450,18400,85068,default,2026-10-10,"Manheim MMR (mmr.manheim.com), mileage-adjusted, default region",3195,24.0,3700,27.8,Single style auto-decoded; matches prev_trim. Retail typical 19550-25600. Avg EV battery 81%. Prev adj 13850.,,Warm,59,High,comps=16; comps_with_days=16; local_supply=9; local_radius=250; median_days=24; price_cut_share=56; mmr_transactions=25; median_vs_kbb_pct=-3.0,1,0,1-Owner | No Accidents | Personal use | Service records 13,17490,Original warranty estimated to have expired.,Personal,https://luxrepair2025-rgb.github.io/lux-tesla-battery/carfax/5YJ3E1EB0LF636924.pdf
